id,nom,prenom,genre,email,telephone,photo,groupe,menu,quantite
1,Kylynn,Culcheth,Female,kculcheth0@g.co,+86 221 538 5396,/static/photo/default.jpg,DevData 5,Haricot,1
2,Karisa,Dmitr,Female,kdmitr1@chicagotribune.com,+54 606 414 8960,/static/photo/default.jpg,DevData 1,Riz,2
3,Jamesy,Batchley,Male,jbatchley2@wunderground.com,+48 345 415 6016,/static/photo/default.jpg,DevData 5,Pâtes,4
4,Derek,Faichnie,Male,dfaichnie3@hostgator.com,+93 729 573 0469,/static/photo/default.jpg,DevData 3,Soupe,1
5,Tawsha,Moulster,Female,tmoulster4@apache.org,+48 988 801 3868,/static/photo/default.jpg,DevData 1,Aucun,0
6,Lizette,Kemer,Female,lkemer5@epa.gov,+996 461 709 2049,/static/photo/default.jpg,DevData 3,Riz,2
7,Ali,Shelp,Male,ashelp6@issuu.com,+62 106 837 8560,/static/photo/default.jpg,DevData 5,Pâtes,2
8,Brnaba,Masarrat,Male,bmasarrat7@webmd.com,+970 528 873 3572,/static/photo/default.jpg,DevData 5,Haricot,5
9,Guy,Andreopolos,Male,gandreopolos8@foxnews.com,+55 239 904 6152,/static/photo/default.jpg,DevData 5,Riz,5
10,Sondra,Kynoch,Female,skynoch9@bloglines.com,+234 164 135 9447,/static/photo/default.jpg,DevData 5,Pâtes,2
11,Gherardo,Speere,Male,gspeerea@accuweather.com,+46 819 195 2337,/static/photo/default.jpg,DevData 4,Soupe,3
12,Ibby,Mallinar,Female,imallinarb@globo.com,+420 654 134 6723,/static/photo/default.jpg,DevData 1,Aucun,0
13,Nessy,Presswell,Female,npresswellc@arizona.edu,+63 746 515 5894,/static/photo/default.jpg,DevData 4,Riz,4
14,Aurelia,Tytterton,Female,atyttertond@xinhuanet.com,+1 594 884 4305,/static/photo/default.jpg,DevData 4,Pâtes,1
15,Page,McQuaid,Male,pmcquaide@studiopress.com,+7 579 484 4404,/static/photo/default.jpg,DevData 4,Haricot,1
16,Barrie,McCusker,Female,bmccuskerf@wikimedia.org,+63 373 680 8074,/static/photo/default.jpg,DevData 4,Riz,3
17,Sarina,Veldstra,Female,sveldstrag@elegantthemes.com,+63 718 930 5910,/static/photo/default.jpg,DevData 4,Pâtes,1
18,Salvidor,Keeley,Male,skeeleyh@house.gov,+62 941 886 4174,/static/photo/default.jpg,DevData 2,Soupe,2
19,Findlay,Hazley,Male,fhazleyi@ox.ac.uk,+1 155 815 4230,/static/photo/default.jpg,DevData 3,Aucun,0
20,Kelley,Asipenko,Female,kasipenkoj@wikia.com,+66 157 415 9660,/static/photo/default.jpg,DevData 5,Riz,1
21,Arty,Henzley,Male,ahenzleyk@about.com,+63 584 826 8449,/static/photo/default.jpg,DevData 2,Pâtes,4
22,Willamina,De Cristofalo,Female,wdecristofalol@bing.com,+63 572 287 8936,/static/photo/default.jpg,DevData 5,Haricot,1
23,Feliks,Madders,Male,fmaddersm@va.gov,+62 948 659 2592,/static/photo/default.jpg,DevData 4,Riz,4
24,Vaughan,Hargreave,Male,vhargreaven@spotify.com,+86 642 430 5409,/static/photo/default.jpg,DevData 2,Pâtes,4
25,Anni,Jubert,Female,ajuberto@hibu.com,+33 107 651 7813,/static/photo/default.jpg,DevData 3,Soupe,2
